{
    "Werras#NA1": "ovnb2dXfgH7JEJ2KHUbpXeycwAvpYis69yN0XrG37qzh1LiwoUfyEKF6beZNf28KWwgQl5loVNw7rA",
    "IamTheMuffinKing#NA1": "3TdMzIAB7ho1AONEmF8VBsXQdLLlwO0TxtTyPqEzHipytzRwMrBh_-32U67yEBkuJDSokXbOfSKP6w",
    "Woah Its Cutty#NA1": "iAymjsSYMAFBr8TmmjbfAPvtzCOea7HREQX38n_J5KLrLyCtozhTblZfzcAjYiA58WJ6rgVii7qGhA",
    "ISpoonAfterIFork#NA1": "Ib48aFglfGvAJzbdANIRqQxQQqBam2ZLinN4tQTfOIAVYg-ueVX4alCRzlrpQurUbLXGrTaB-z9fVw",
    "Grantalicious#NA1": "LQXFBdU9La3mnYfwOIO7PIXtbLst8Sxzuxae5I8e2IJ7kI9st4PnOdLzoO0y0co_Kwut3SebvVWeLA"
}